{
  "id": "2118287",
  "name": "vue_shop",
  "font_family": "iconfont",
  "css_prefix_text": "icon-",
  "description": "",
  "glyphs": [
    {
      "icon_id": "5258356",
      "name": "数据",
      "font_class": "shuju",
      "unicode": "e605",
      "unicode_decimal": 58885
    },
    {
      "icon_id": "5967597",
      "name": "订单",
      "font_class": "dingdan",
      "unicode": "e616",
      "unicode_decimal": 58902
    },
    {
      "icon_id": "6978142",
      "name": "权限",
      "font_class": "quanxian",
      "unicode": "e635",
      "unicode_decimal": 58933
    },
    {
      "icon_id": "7638976",
      "name": "用户",
      "font_class": "yonghu1",
      "unicode": "e615",
      "unicode_decimal": 58901
    },
    {
      "icon_id": "14288584",
      "name": "商品",
      "font_class": "shangpin",
      "unicode": "e60d",
      "unicode_decimal": 58893
    },
    {
      "icon_id": "720792",
      "name": "密码",
      "font_class": "mima",
      "unicode": "e654",
      "unicode_decimal": 58964
    },
    {
      "icon_id": "14996468",
      "name": "用户",
      "font_class": "yonghu",
      "unicode": "e699",
      "unicode_decimal": 59033
    }
  ]
}
